{
  "dataset": "mnist",
  "alpha": 0.5,
  "aggregation": "dflaa_s",
  "seed": 42,
  "num_nodes": 20,
  "runtime_s": 1500,
  "wall_time_s": 1500.6391105651855,
  "R_common_used": 1867,
  "final_acc_common_round": 94.6495,
  "max_acc_common_round": 95.24249999999999,
  "auc_over_rounds": 173069.15099999998,
  "auc_over_time_of_round": 84901.09862771808,
  "time_to_50": 5.303168535232544,
  "time_to_60": 5.303168535232544,
  "time_to_70": 5.431728681152542,
  "final_p10_acc": 92.21300000000001,
  "final_p90_acc": 96.41799999999999,
  "final_min_acc": 88.21,
  "final_var_acc": 4.076134749999999,
  "final_jain_acc": 0.9995452064202743,
  "final_gini_acc": 0.010679137237914693,
  "final_cvar10_error": 9.865000000000002,
  "network_tx_count": 556225.0,
  "network_mean_latency_s": 0.004729003901892949,
  "network_p50_latency_s": 0.004849436399430009,
  "network_mean_packet_loss": 0.18374023411357696,
  "network_p90_packet_loss": 0.2699490534026843,
  "network_chunk_delivery_ratio": 0.8213197505701282
}