{
  "dataset": "mnist",
  "alpha": 0.1,
  "aggregation": "softGSD_c",
  "seed": 42,
  "num_nodes": 20,
  "runtime_s": 1500,
  "wall_time_s": 1500.882482767105,
  "R_common_used": 1408,
  "final_acc_common_round": 45.744499999999995,
  "max_acc_common_round": 46.0655,
  "auc_over_rounds": 63891.9215,
  "auc_over_time_of_round": 37018.123376005286,
  "time_to_50": NaN,
  "time_to_60": NaN,
  "time_to_70": NaN,
  "final_p10_acc": 29.639999999999997,
  "final_p90_acc": 61.794000000000004,
  "final_min_acc": 28.860000000000003,
  "final_var_acc": 117.85198475,
  "final_jain_acc": 0.946683231932407,
  "final_gini_acc": 0.13490528916044542,
  "final_cvar10_error": 71.065,
  "network_tx_count": 481104.0,
  "network_mean_latency_s": 0.004750707166834033,
  "network_p50_latency_s": 0.004872783606733709,
  "network_mean_packet_loss": 0.18504243001004195,
  "network_p90_packet_loss": 0.2705263927490142,
  "network_chunk_delivery_ratio": 0.8197952860594545
}