{
  "dataset": "fmnist",
  "alpha": 0.5,
  "aggregation": "softSGD",
  "seed": 42,
  "num_nodes": 20,
  "runtime_s": 18000,
  "wall_time_s": 18279.4226834774,
  "R_common_used": 1246,
  "final_acc_common_round": 82.4695,
  "max_acc_common_round": 82.95100000000001,
  "auc_over_rounds": 99128.95025,
  "auc_over_time_of_round": 951977.04968856,
  "time_to_50": 18.809590816497803,
  "time_to_60": 130.496929415827,
  "time_to_70": 468.34411803478986,
  "final_p10_acc": 78.67099999999999,
  "final_p90_acc": 85.736,
  "final_min_acc": 75.38,
  "final_var_acc": 10.488094750000004,
  "final_jain_acc": 0.9984602838199932,
  "final_gini_acc": 0.021481578037941373,
  "final_cvar10_error": 24.185000000000002,
  "network_tx_count": 265293.0,
  "network_mean_latency_s": 0.00473791556511408,
  "network_p50_latency_s": 0.004851388743070453,
  "network_mean_packet_loss": 0.18427493390684477,
  "network_p90_packet_loss": 0.27122850954884564,
  "network_chunk_delivery_ratio": 0.8209422871598572
}