{
  "dataset": "fmnist",
  "alpha": 0.5,
  "aggregation": "dflaa",
  "seed": 42,
  "num_nodes": 20,
  "runtime_s": 18000,
  "wall_time_s": 18279.67849087715,
  "R_common_used": 1288,
  "final_acc_common_round": 87.278,
  "max_acc_common_round": 87.77700000000002,
  "auc_over_rounds": 109295.00425,
  "auc_over_time_of_round": 1023571.129786694,
  "time_to_50": 15.671079635620117,
  "time_to_60": 97.44868135674528,
  "time_to_70": 234.48358396520007,
  "final_p10_acc": 83.544,
  "final_p90_acc": 89.902,
  "final_min_acc": 81.28,
  "final_var_acc": 5.935146000000001,
  "final_jain_acc": 0.9992214552401895,
  "final_gini_acc": 0.015404225578038,
  "final_cvar10_error": 17.705,
  "network_tx_count": 273137.0,
  "network_mean_latency_s": 0.004737794089932754,
  "network_p50_latency_s": 0.0048520577943951095,
  "network_mean_packet_loss": 0.1842676453959652,
  "network_p90_packet_loss": 0.27124051709323144,
  "network_chunk_delivery_ratio": 0.8209129598882612
}