{
  "dataset": "fmnist",
  "alpha": 1.0,
  "aggregation": "softSGD",
  "seed": 42,
  "num_nodes": 20,
  "runtime_s": 18000,
  "wall_time_s": 18305.003084897995,
  "R_common_used": 1346,
  "final_acc_common_round": 87.14450000000002,
  "max_acc_common_round": 87.2285,
  "auc_over_rounds": 114246.94249999999,
  "auc_over_time_of_round": 1128128.9207907743,
  "time_to_50": 28.0147225856781,
  "time_to_60": 28.0147225856781,
  "time_to_70": 37.396805220304735,
  "final_p10_acc": 85.60600000000001,
  "final_p90_acc": 88.813,
  "final_min_acc": 79.80000000000001,
  "final_var_acc": 4.019904749999991,
  "final_jain_acc": 0.9994709387317092,
  "final_gini_acc": 0.010645823890205408,
  "final_cvar10_error": 17.629999999999995,
  "network_tx_count": 251230.0,
  "network_mean_latency_s": 0.004735250086539343,
  "network_p50_latency_s": 0.004849278646608821,
  "network_mean_packet_loss": 0.18411500519236063,
  "network_p90_packet_loss": 0.27130286513498353,
  "network_chunk_delivery_ratio": 0.8211105112844803
}