{
  "dataset": "mnist",
  "alpha": 0.5,
  "aggregation": "fedavg",
  "seed": 42,
  "num_nodes": 20,
  "runtime_s": 3000,
  "wall_time_s": 3000.429808139801,
  "R_common_used": 3794,
  "final_acc_common_round": 94.56099999999999,
  "max_acc_common_round": 96.0825,
  "auc_over_rounds": 350878.07525,
  "auc_over_time_of_round": 170951.78653760935,
  "time_to_50": 14.648516416549683,
  "time_to_60": 14.648516416549683,
  "time_to_70": 14.724964706395147,
  "final_p10_acc": 89.496,
  "final_p90_acc": 97.46100000000001,
  "final_min_acc": 82.50999999999999,
  "final_var_acc": 18.575849000000005,
  "final_jain_acc": 0.9979268855308765,
  "final_gini_acc": 0.020348240818096164,
  "final_cvar10_error": 17.255000000000003,
  "network_tx_count": 965433.0,
  "network_mean_latency_s": 0.004749208842207305,
  "network_p50_latency_s": 0.004873712373552167,
  "network_mean_packet_loss": 0.1849525305324383,
  "network_p90_packet_loss": 0.27137413812673744,
  "network_chunk_delivery_ratio": 0.8201791815963272
}