{
  "dataset": "mnist",
  "alpha": 0.1,
  "aggregation": "softSGD_s",
  "seed": 42,
  "num_nodes": 20,
  "runtime_s": 1500,
  "wall_time_s": 1500.6650335788727,
  "R_common_used": 1846,
  "final_acc_common_round": 95.71000000000001,
  "max_acc_common_round": 96.6775,
  "auc_over_rounds": 165663.64375,
  "auc_over_time_of_round": 80458.31912857294,
  "time_to_50": 16.3530357665654,
  "time_to_60": 27.941276152147612,
  "time_to_70": 45.45537652515043,
  "final_p10_acc": 92.008,
  "final_p90_acc": 97.728,
  "final_min_acc": 90.07,
  "final_var_acc": 5.6377700000000015,
  "final_jain_acc": 0.9993849286224129,
  "final_gini_acc": 0.013148573816738063,
  "final_cvar10_error": 9.060000000000002,
  "network_tx_count": 578997.0,
  "network_mean_latency_s": 0.004741962168318327,
  "network_p50_latency_s": 0.004861269734125102,
  "network_mean_packet_loss": 0.1845177300990996,
  "network_p90_packet_loss": 0.2702893996373184,
  "network_chunk_delivery_ratio": 0.8203618836802563
}