{
  "dataset": "fmnist",
  "alpha": 0.5,
  "aggregation": "fedavg",
  "seed": 42,
  "num_nodes": 20,
  "runtime_s": 18000,
  "wall_time_s": 18270.716906309128,
  "R_common_used": 1314,
  "final_acc_common_round": 85.90950000000001,
  "max_acc_common_round": 86.86049999999999,
  "auc_over_rounds": 110111.2555,
  "auc_over_time_of_round": 1000563.4600493468,
  "time_to_50": 15.234230041503906,
  "time_to_60": 23.86682531056568,
  "time_to_70": 99.16754817718116,
  "final_p10_acc": 82.34299999999999,
  "final_p90_acc": 89.225,
  "final_min_acc": 79.05,
  "final_var_acc": 7.175924750000005,
  "final_jain_acc": 0.999028655158091,
  "final_gini_acc": 0.01724285439910589,
  "final_cvar10_error": 19.335,
  "network_tx_count": 281554.0,
  "network_mean_latency_s": 0.004737790248574711,
  "network_p50_latency_s": 0.004851317942348425,
  "network_mean_packet_loss": 0.18426741491448262,
  "network_p90_packet_loss": 0.2711633373282974,
  "network_chunk_delivery_ratio": 0.8208795537445748
}