{
  "dataset": "mnist",
  "alpha": 0.1,
  "aggregation": "dflaa",
  "seed": 42,
  "num_nodes": 20,
  "runtime_s": 3000,
  "wall_time_s": 3000.7268857955933,
  "R_common_used": 3275,
  "final_acc_common_round": 94.87950000000001,
  "max_acc_common_round": 96.02349999999998,
  "auc_over_rounds": 294813.28825,
  "auc_over_time_of_round": 172755.11524484068,
  "time_to_50": 13.75027991672848,
  "time_to_60": 31.311934039858162,
  "time_to_70": 75.94281349385591,
  "final_p10_acc": 90.164,
  "final_p90_acc": 97.949,
  "final_min_acc": 86.97,
  "final_var_acc": 11.782814750000005,
  "final_jain_acc": 0.9986928175708926,
  "final_gini_acc": 0.018900552806454307,
  "final_cvar10_error": 12.900000000000006,
  "network_tx_count": 797926.0,
  "network_mean_latency_s": 0.004756328544528853,
  "network_p50_latency_s": 0.0048794313640139145,
  "network_mean_packet_loss": 0.18537971267173114,
  "network_p90_packet_loss": 0.27146212527955693,
  "network_chunk_delivery_ratio": 0.8196505364069393
}