{
  "dataset": "mnist",
  "alpha": 1.0,
  "aggregation": "fedavg",
  "seed": 42,
  "num_nodes": 20,
  "runtime_s": 3000,
  "wall_time_s": 3000.4474425315857,
  "R_common_used": 4035,
  "final_acc_common_round": 96.81449999999998,
  "max_acc_common_round": 97.081,
  "auc_over_rounds": 385518.66799999995,
  "auc_over_time_of_round": 194444.4330163228,
  "time_to_50": 14.898208141326904,
  "time_to_60": 14.898208141326904,
  "time_to_70": 14.898208141326904,
  "final_p10_acc": 95.387,
  "final_p90_acc": 97.841,
  "final_min_acc": 91.82000000000001,
  "final_var_acc": 2.2159947499999944,
  "final_jain_acc": 0.9997636338677354,
  "final_gini_acc": 0.006963058219584761,
  "final_cvar10_error": 7.174999999999997,
  "network_tx_count": 930173.0,
  "network_mean_latency_s": 0.004744533369452172,
  "network_p50_latency_s": 0.004866000752174594,
  "network_mean_packet_loss": 0.1846720021671304,
  "network_p90_packet_loss": 0.27128209196213965,
  "network_chunk_delivery_ratio": 0.8205148046560202
}