{
  "dataset": "mnist",
  "alpha": 0.5,
  "aggregation": "dflaa_c",
  "seed": 42,
  "num_nodes": 20,
  "runtime_s": 1500,
  "wall_time_s": 1500.5881333351135,
  "R_common_used": 1873,
  "final_acc_common_round": 85.43300000000002,
  "max_acc_common_round": 87.48649999999999,
  "auc_over_rounds": 160155.71775,
  "auc_over_time_of_round": 78942.71882866614,
  "time_to_50": 5.068037509918213,
  "time_to_60": 5.068037509918213,
  "time_to_70": 5.143395508238006,
  "final_p10_acc": 75.14999999999999,
  "final_p90_acc": 92.48299999999999,
  "final_min_acc": 69.52000000000001,
  "final_var_acc": 46.97385099999998,
  "final_jain_acc": 0.9936053208266624,
  "final_gini_acc": 0.04332459354113749,
  "final_cvar10_error": 28.56499999999999,
  "network_tx_count": 555915.0,
  "network_mean_latency_s": 0.0047290329866942525,
  "network_p50_latency_s": 0.004849633545727807,
  "network_mean_packet_loss": 0.18374197920165514,
  "network_p90_packet_loss": 0.2699533033824496,
  "network_chunk_delivery_ratio": 0.8213443797515182
}