{
  "dataset": "mnist",
  "alpha": 0.5,
  "aggregation": "dflaa",
  "seed": 42,
  "num_nodes": 20,
  "runtime_s": 3000,
  "wall_time_s": 3000.6265499591827,
  "R_common_used": 3316,
  "final_acc_common_round": 98.05549999999998,
  "max_acc_common_round": 98.21799999999999,
  "auc_over_rounds": 322074.7635,
  "auc_over_time_of_round": 192063.23175169778,
  "time_to_50": 5.121440649032593,
  "time_to_60": 5.121440649032593,
  "time_to_70": 5.761186029004997,
  "final_p10_acc": 97.461,
  "final_p90_acc": 98.41199999999999,
  "final_min_acc": 96.8,
  "final_var_acc": 0.18443475000000015,
  "final_jain_acc": 0.9999808181494229,
  "final_gini_acc": 0.0022484715288793033,
  "final_cvar10_error": 2.9100000000000037,
  "network_tx_count": 783064.0,
  "network_mean_latency_s": 0.004748553516066254,
  "network_p50_latency_s": 0.004872200296136988,
  "network_mean_packet_loss": 0.18491321096397528,
  "network_p90_packet_loss": 0.2713493259833207,
  "network_chunk_delivery_ratio": 0.8202347611989291
}