{
  "dataset": "fmnist",
  "alpha": 0.1,
  "aggregation": "dflaa",
  "seed": 42,
  "num_nodes": 20,
  "runtime_s": 18000,
  "wall_time_s": 18286.49708390236,
  "R_common_used": 970,
  "final_acc_common_round": 74.29050000000001,
  "max_acc_common_round": 75.55149999999999,
  "auc_over_rounds": 64600.082500000004,
  "auc_over_time_of_round": 612615.1580184987,
  "time_to_50": 754.3673580901207,
  "time_to_60": 1444.3532819239497,
  "time_to_70": 4161.164790507205,
  "final_p10_acc": 64.274,
  "final_p90_acc": 84.74499999999999,
  "final_min_acc": 58.75,
  "final_var_acc": 67.56554474999997,
  "final_jain_acc": 0.9879058795340964,
  "final_gini_acc": 0.06303867923893369,
  "final_cvar10_error": 41.035,
  "network_tx_count": 325554.0,
  "network_mean_latency_s": 0.0047340050561107605,
  "network_p50_latency_s": 0.00484793472573263,
  "network_mean_packet_loss": 0.18404030336664562,
  "network_p90_packet_loss": 0.2712044027439575,
  "network_chunk_delivery_ratio": 0.821102907466964
}