{
  "dataset": "mnist",
  "alpha": 0.5,
  "aggregation": "softGSD_c",
  "seed": 42,
  "num_nodes": 20,
  "runtime_s": 1500,
  "wall_time_s": 1500.6970517635345,
  "R_common_used": 1608,
  "final_acc_common_round": 81.18499999999997,
  "max_acc_common_round": 81.48899999999999,
  "auc_over_rounds": 129614.878,
  "auc_over_time_of_round": 70784.69418571555,
  "time_to_50": 5.13600492477417,
  "time_to_60": 5.13600492477417,
  "time_to_70": 5.289843442230544,
  "final_p10_acc": 69.735,
  "final_p90_acc": 89.07199999999999,
  "final_min_acc": 65.16999999999999,
  "final_var_acc": 56.668634999999995,
  "final_jain_acc": 0.9914754176095242,
  "final_gini_acc": 0.051278561310586834,
  "final_cvar10_error": 33.515,
  "network_tx_count": 495593.0,
  "network_mean_latency_s": 0.004734854073899082,
  "network_p50_latency_s": 0.004856961786624318,
  "network_mean_packet_loss": 0.18409124443394484,
  "network_p90_packet_loss": 0.27008442107589814,
  "network_chunk_delivery_ratio": 0.820929270590989
}