{
  "dataset": "mnist",
  "alpha": 0.1,
  "aggregation": "dflaa_s",
  "seed": 42,
  "num_nodes": 20,
  "runtime_s": 1500,
  "wall_time_s": 1500.6902947425842,
  "R_common_used": 1816,
  "final_acc_common_round": 72.33449999999999,
  "max_acc_common_round": 73.9265,
  "auc_over_rounds": 115795.19325000001,
  "auc_over_time_of_round": 56481.547312078714,
  "time_to_50": 18.821671699553498,
  "time_to_60": 189.80187182983394,
  "time_to_70": 620.2385671178336,
  "final_p10_acc": 62.288999999999994,
  "final_p90_acc": 85.25700000000002,
  "final_min_acc": 41.8,
  "final_var_acc": 122.63131475000003,
  "final_jain_acc": 0.97709928137828,
  "final_gini_acc": 0.08306582612722846,
  "final_cvar10_error": 48.545,
  "network_tx_count": 570426.0,
  "network_mean_latency_s": 0.004741722694244615,
  "network_p50_latency_s": 0.0048606398544895285,
  "network_mean_packet_loss": 0.1845033616546769,
  "network_p90_packet_loss": 0.270299579778667,
  "network_chunk_delivery_ratio": 0.8203770362927844
}