{
  "dataset": "fmnist",
  "alpha": 1.0,
  "aggregation": "dflaa",
  "seed": 42,
  "num_nodes": 20,
  "runtime_s": 18000,
  "wall_time_s": 18275.10685276985,
  "R_common_used": 1378,
  "final_acc_common_round": 89.88300000000001,
  "max_acc_common_round": 90.0035,
  "auc_over_rounds": 121709.56625,
  "auc_over_time_of_round": 1158632.8601953979,
  "time_to_50": 18.47362232208252,
  "time_to_60": 18.47362232208252,
  "time_to_70": 32.91666163128885,
  "final_p10_acc": 88.834,
  "final_p90_acc": 90.75200000000001,
  "final_min_acc": 85.53,
  "final_var_acc": 1.430640999999998,
  "final_jain_acc": 0.999822948891838,
  "final_gini_acc": 0.006021160842428541,
  "final_cvar10_error": 13.024999999999999,
  "network_tx_count": 259181.0,
  "network_mean_latency_s": 0.0047340984700035196,
  "network_p50_latency_s": 0.004847324948132206,
  "network_mean_packet_loss": 0.18404590820021116,
  "network_p90_packet_loss": 0.27116222320610994,
  "network_chunk_delivery_ratio": 0.8212710482732145
}