{
  "dataset": "mnist",
  "alpha": 0.1,
  "aggregation": "softSGD",
  "seed": 42,
  "num_nodes": 20,
  "runtime_s": 3000,
  "wall_time_s": 3000.5976400375366,
  "R_common_used": 3720,
  "final_acc_common_round": 75.47049999999999,
  "max_acc_common_round": 77.86,
  "auc_over_rounds": 262316.0985,
  "auc_over_time_of_round": 126913.83045038689,
  "time_to_50": 27.01285166317519,
  "time_to_60": 56.021976429232204,
  "time_to_70": 513.3147674705965,
  "final_p10_acc": 62.325,
  "final_p90_acc": 88.667,
  "final_min_acc": 50.849999999999994,
  "final_var_acc": 115.09428475000001,
  "final_jain_acc": 0.9801933487337323,
  "final_gini_acc": 0.08001835154133075,
  "final_cvar10_error": 43.57000000000001,
  "network_tx_count": 992548.0,
  "network_mean_latency_s": 0.004758522716127008,
  "network_p50_latency_s": 0.0048827293213754355,
  "network_mean_packet_loss": 0.18551136296762047,
  "network_p90_packet_loss": 0.2715015641435108,
  "network_chunk_delivery_ratio": 0.8194712431824566
}