{
  "dataset": "mnist",
  "alpha": 1.0,
  "aggregation": "softSGD",
  "seed": 42,
  "num_nodes": 20,
  "runtime_s": 3000,
  "wall_time_s": 3000.475018978119,
  "R_common_used": 4045,
  "final_acc_common_round": 96.61950000000002,
  "max_acc_common_round": 97.1455,
  "auc_over_rounds": 389553.15175,
  "auc_over_time_of_round": 196335.7205592803,
  "time_to_50": 14.823859691619873,
  "time_to_60": 14.823859691619873,
  "time_to_70": 14.823859691619873,
  "final_p10_acc": 95.689,
  "final_p90_acc": 97.43700000000001,
  "final_min_acc": 95.34,
  "final_var_acc": 0.47809474999999946,
  "final_jain_acc": 0.9999487891290373,
  "final_gini_acc": 0.004085355440671901,
  "final_cvar10_error": 4.490000000000002,
  "network_tx_count": 931291.0,
  "network_mean_latency_s": 0.0047446779795803475,
  "network_p50_latency_s": 0.0048662290778846455,
  "network_mean_packet_loss": 0.18468067877482086,
  "network_p90_packet_loss": 0.2712886668027733,
  "network_chunk_delivery_ratio": 0.82049496227607
}