{
  "dataset": "fmnist",
  "alpha": 0.1,
  "aggregation": "fedavg",
  "seed": 42,
  "num_nodes": 20,
  "runtime_s": 18000,
  "wall_time_s": 18280.844111204147,
  "R_common_used": 996,
  "final_acc_common_round": 68.50200000000001,
  "max_acc_common_round": 71.18200000000002,
  "auc_over_rounds": 59359.837750000006,
  "auc_over_time_of_round": 545808.5838991517,
  "time_to_50": 1548.5086705622332,
  "time_to_60": 3283.012260935656,
  "time_to_70": 8447.128542046099,
  "final_p10_acc": 53.407000000000004,
  "final_p90_acc": 78.81200000000001,
  "final_min_acc": 43.39,
  "final_var_acc": 102.59111599999999,
  "final_jain_acc": 0.9786050775773664,
  "final_gini_acc": 0.08171002306501984,
  "final_cvar10_error": 52.515,
  "network_tx_count": 336867.0,
  "network_mean_latency_s": 0.004734350960328801,
  "network_p50_latency_s": 0.004848971196345837,
  "network_mean_packet_loss": 0.184061057619728,
  "network_p90_packet_loss": 0.2712812150637653,
  "network_chunk_delivery_ratio": 0.821065068892174
}