{
  "dataset": "mnist",
  "alpha": 1.0,
  "aggregation": "dflaa",
  "seed": 42,
  "num_nodes": 20,
  "runtime_s": 3000,
  "wall_time_s": 3000.6589510440826,
  "R_common_used": 3583,
  "final_acc_common_round": 98.387,
  "max_acc_common_round": 98.44350000000003,
  "auc_over_rounds": 350393.0755,
  "auc_over_time_of_round": 210991.34185850614,
  "time_to_50": 5.224977731704712,
  "time_to_60": 5.224977731704712,
  "time_to_70": 5.224977731704712,
  "final_p10_acc": 98.048,
  "final_p90_acc": 98.634,
  "final_min_acc": 97.67,
  "final_var_acc": 0.06476099999999967,
  "final_jain_acc": 0.9999933098600305,
  "final_gini_acc": 0.0013502800166689255,
  "final_cvar10_error": 2.1499999999999986,
  "network_tx_count": 770003.0,
  "network_mean_latency_s": 0.004744732428874152,
  "network_p50_latency_s": 0.004865787385500902,
  "network_mean_packet_loss": 0.18468394573244915,
  "network_p90_packet_loss": 0.2712827765344017,
  "network_chunk_delivery_ratio": 0.8204962442551749
}