{
  "dataset": "mnist",
  "alpha": 0.1,
  "aggregation": "fedavg",
  "seed": 42,
  "num_nodes": 20,
  "runtime_s": 3000,
  "wall_time_s": 3000.6239120960236,
  "R_common_used": 3673,
  "final_acc_common_round": 79.54750000000001,
  "max_acc_common_round": 82.23499999999999,
  "auc_over_rounds": 254067.09850000002,
  "auc_over_time_of_round": 124945.43589318746,
  "time_to_50": 36.30622107876184,
  "time_to_60": 167.92236742514828,
  "time_to_70": 466.0928435274518,
  "final_p10_acc": 59.122,
  "final_p90_acc": 93.047,
  "final_min_acc": 50.339999999999996,
  "final_var_acc": 193.00540875000002,
  "final_jain_acc": 0.9704016212914861,
  "final_gini_acc": 0.09619189792262495,
  "final_cvar10_error": 47.96,
  "network_tx_count": 987728.0,
  "network_mean_latency_s": 0.004757821111721507,
  "network_p50_latency_s": 0.0048820774635277234,
  "network_mean_packet_loss": 0.1854692667032904,
  "network_p90_packet_loss": 0.27149853492584763,
  "network_chunk_delivery_ratio": 0.8195541511516284
}