{
  "dataset": "mnist",
  "alpha": 0.5,
  "aggregation": "softSGD",
  "seed": 42,
  "num_nodes": 20,
  "runtime_s": 3000,
  "wall_time_s": 3000.4941420555115,
  "R_common_used": 3762,
  "final_acc_common_round": 94.93599999999999,
  "max_acc_common_round": 95.83399999999999,
  "auc_over_rounds": 354240.41650000005,
  "auc_over_time_of_round": 173650.17193833,
  "time_to_50": 14.769844055175781,
  "time_to_60": 14.769844055175781,
  "time_to_70": 14.89753633299707,
  "final_p10_acc": 92.443,
  "final_p90_acc": 97.032,
  "final_min_acc": 88.08,
  "final_var_acc": 6.290063999999999,
  "final_jain_acc": 0.9993025867130467,
  "final_gini_acc": 0.012671167944720674,
  "final_cvar10_error": 11.75,
  "network_tx_count": 962673.0,
  "network_mean_latency_s": 0.004749328563513805,
  "network_p50_latency_s": 0.004873743008754263,
  "network_mean_packet_loss": 0.18495971381082826,
  "network_p90_packet_loss": 0.27137661393603807,
  "network_chunk_delivery_ratio": 0.8201836787867693
}