{
  "dataset": "mnist",
  "alpha": 0.5,
  "aggregation": "softSGD_s",
  "seed": 42,
  "num_nodes": 20,
  "runtime_s": 1500,
  "wall_time_s": 1500.6924636363983,
  "R_common_used": 1725,
  "final_acc_common_round": 97.8785,
  "max_acc_common_round": 98.2415,
  "auc_over_rounds": 167295.13400000002,
  "auc_over_time_of_round": 92307.62327934534,
  "time_to_50": 5.472874879837036,
  "time_to_60": 5.472874879837036,
  "time_to_70": 5.5687607917383035,
  "final_p10_acc": 96.99300000000001,
  "final_p90_acc": 98.504,
  "final_min_acc": 95.37,
  "final_var_acc": 0.7311427499999996,
  "final_jain_acc": 0.9999236877208554,
  "final_gini_acc": 0.004063967061203488,
  "final_cvar10_error": 4.434999999999995,
  "network_tx_count": 516848.0,
  "network_mean_latency_s": 0.004726367589571266,
  "network_p50_latency_s": 0.004847298635724651,
  "network_mean_packet_loss": 0.183582055374276,
  "network_p90_packet_loss": 0.2699205643896469,
  "network_chunk_delivery_ratio": 0.8214855027598729
}