{
  "dataset": "fmnist",
  "alpha": 0.1,
  "aggregation": "softSGD",
  "seed": 42,
  "num_nodes": 20,
  "runtime_s": 18000,
  "wall_time_s": 18277.110770463943,
  "R_common_used": 935,
  "final_acc_common_round": 56.464,
  "max_acc_common_round": 57.77599999999999,
  "auc_over_rounds": 47672.154500000004,
  "auc_over_time_of_round": 469016.2525841956,
  "time_to_50": 2054.548392721758,
  "time_to_60": NaN,
  "time_to_70": NaN,
  "final_p10_acc": 45.382999999999996,
  "final_p90_acc": 69.986,
  "final_min_acc": 23.77,
  "final_var_acc": 137.29639400000002,
  "final_jain_acc": 0.9587138076913047,
  "final_gini_acc": 0.1131030391045621,
  "final_cvar10_error": 66.31,
  "network_tx_count": 312061.0,
  "network_mean_latency_s": 0.004734223112020313,
  "network_p50_latency_s": 0.004847746041732135,
  "network_mean_packet_loss": 0.18405338672121885,
  "network_p90_packet_loss": 0.27121083705031646,
  "network_chunk_delivery_ratio": 0.8210685871512301
}