{
  "dataset": "fmnist",
  "alpha": 1.0,
  "aggregation": "fedavg",
  "seed": 42,
  "num_nodes": 20,
  "runtime_s": 18000,
  "wall_time_s": 18274.19069671631,
  "R_common_used": 1423,
  "final_acc_common_round": 88.972,
  "max_acc_common_round": 89.24000000000001,
  "auc_over_rounds": 124507.95475,
  "auc_over_time_of_round": 1149957.0641914322,
  "time_to_50": 17.32554316520691,
  "time_to_60": 17.32554316520691,
  "time_to_70": 28.60734142442357,
  "final_p10_acc": 87.893,
  "final_p90_acc": 89.866,
  "final_min_acc": 85.53,
  "final_var_acc": 0.9714659999999995,
  "final_jain_acc": 0.9998772934897303,
  "final_gini_acc": 0.005255586027064663,
  "final_cvar10_error": 13.32,
  "network_tx_count": 269095.0,
  "network_mean_latency_s": 0.004734589298247339,
  "network_p50_latency_s": 0.004849330703004718,
  "network_mean_packet_loss": 0.18407535789484036,
  "network_p90_packet_loss": 0.2711546846823215,
  "network_chunk_delivery_ratio": 0.8211562134190528
}