{
  "dataset": "mnist",
  "alpha": 0.1,
  "aggregation": "dflaa_c",
  "seed": 42,
  "num_nodes": 20,
  "runtime_s": 1500,
  "wall_time_s": 1500.7054181098938,
  "R_common_used": 1701,
  "final_acc_common_round": 47.05050000000001,
  "max_acc_common_round": 48.808499999999995,
  "auc_over_rounds": 79090.31925,
  "auc_over_time_of_round": 42490.182724414706,
  "time_to_50": NaN,
  "time_to_60": NaN,
  "time_to_70": NaN,
  "final_p10_acc": 29.308999999999997,
  "final_p90_acc": 60.15800000000001,
  "final_min_acc": 26.040000000000003,
  "final_var_acc": 116.18578475,
  "final_jain_acc": 0.9501334723738158,
  "final_gini_acc": 0.12988225417370702,
  "final_cvar10_error": 72.50999999999999,
  "network_tx_count": 538765.0,
  "network_mean_latency_s": 0.004739120757266576,
  "network_p50_latency_s": 0.004858167059733089,
  "network_mean_packet_loss": 0.18434724543599454,
  "network_p90_packet_loss": 0.27027085382586596,
  "network_chunk_delivery_ratio": 0.8205320703267013
}